{
  "model": {
    "type": "minecraft:select",
    "property": "minecraft:component",
    "component": "minecraft:custom_name",
    "cases": [
      {
        "when": {
          "color": "white",
          "text": "Help",
          "italic": false
        },
        "model": {
          "type": "minecraft:model",
          "model": "minecraft:item/help"
        }
      }
    ],
    "fallback": {
      "type": "minecraft:model",
      "model": "minecraft:item/knowledge_book"
    }
  }
}
