{
  "model": {
    "type": "minecraft:select",
    "property": "minecraft:component",
    "component": "minecraft:enchantment_glint_override",
    "cases": [
      {
        "when": true,
        "model": {
          "type": "minecraft:model",
          "model": "minecraft:item/head_rotation_selected"
        }
      }
    ],
    "fallback": {
      "type": "minecraft:select",
      "property": "minecraft:component",
      "component": "minecraft:custom_name",
      "cases": [
        {
          "when": {
            "text": "Head rotation",
            "color": "white",
            "italic": false
          },
          "model": {
            "type": "minecraft:model",
            "model": "minecraft:item/head_rotation"
          }
        },
        {
          "when": {
            "text": "Head item",
            "color": "white",
            "italic": false
          },
          "model": {
            "type": "minecraft:model",
            "model": "minecraft:item/head_item"
          }
        }
      ],
      "fallback": {
        "type": "minecraft:model",
        "model": "minecraft:item/leather_helmet",
        "tints": [
          {
            "type": "minecraft:dye",
            "default": [
              0.62,
              0.4,
              0.25
            ]
          }
        ]
      }
    }
  }
}
