{
  "model": {
    "type": "minecraft:select",
    "property": "minecraft:component",
    "component": "minecraft:enchantment_glint_override",
    "cases": [
      {
        "when": true,
        "model": {
          "type": "minecraft:select",
          "property": "minecraft:component",
          "component": "minecraft:custom_name",
          "cases": [
            {
              "when": {
                "text": "Right leg rotation",
                "color": "white",
                "italic": false
              },
              "model": {
                "type": "minecraft:model",
                "model": "minecraft:item/right_leg_rotation_selected"
              }
            },
            {
              "when": {
                "text": "Left leg rotation",
                "type": "text",
                "color": "white",
                "italic": false
              },
              "model": {
                "type": "minecraft:model",
                "model": "minecraft:item/left_leg_rotation_selected"
              }
            }
          ]
        }
      }
    ],
    "fallback": {
      "type": "minecraft:select",
      "property": "minecraft:component",
      "component": "minecraft:custom_name",
      "cases": [
        {
          "when": {
            "text": "Left leg rotation",
            "color": "white",
            "italic": false
          },
          "model": {
            "type": "minecraft:model",
            "model": "minecraft:item/left_leg_rotation"
          }
        },
        {
          "when": {
            "text": "Right leg rotation",
            "color": "white",
            "italic": false
          },
          "model": {
            "type": "minecraft:model",
            "model": "minecraft:item/right_leg_rotation"
          }
        },
        {
          "when": {
            "text": "Legs item",
            "color": "white",
            "italic": false
          },
          "model": {
            "type": "minecraft:model",
            "model": "minecraft:item/legs_item"
          }
        }
      ],
      "fallback": {
    "type": "minecraft:select",
    "cases": [
      {
        "model": {
          "type": "minecraft:model",
          "model": "minecraft:item/leather_leggings_quartz_trim",
          "tints": [
            {
              "type": "minecraft:dye",
              "default": -6265536
            }
          ]
        },
        "when": "minecraft:quartz"
      },
      {
        "model": {
          "type": "minecraft:model",
          "model": "minecraft:item/leather_leggings_iron_trim",
          "tints": [
            {
              "type": "minecraft:dye",
              "default": -6265536
            }
          ]
        },
        "when": "minecraft:iron"
      },
      {
        "model": {
          "type": "minecraft:model",
          "model": "minecraft:item/leather_leggings_netherite_trim",
          "tints": [
            {
              "type": "minecraft:dye",
              "default": -6265536
            }
          ]
        },
        "when": "minecraft:netherite"
      },
      {
        "model": {
          "type": "minecraft:model",
          "model": "minecraft:item/leather_leggings_redstone_trim",
          "tints": [
            {
              "type": "minecraft:dye",
              "default": -6265536
            }
          ]
        },
        "when": "minecraft:redstone"
      },
      {
        "model": {
          "type": "minecraft:model",
          "model": "minecraft:item/leather_leggings_copper_trim",
          "tints": [
            {
              "type": "minecraft:dye",
              "default": -6265536
            }
          ]
        },
        "when": "minecraft:copper"
      },
      {
        "model": {
          "type": "minecraft:model",
          "model": "minecraft:item/leather_leggings_gold_trim",
          "tints": [
            {
              "type": "minecraft:dye",
              "default": -6265536
            }
          ]
        },
        "when": "minecraft:gold"
      },
      {
        "model": {
          "type": "minecraft:model",
          "model": "minecraft:item/leather_leggings_emerald_trim",
          "tints": [
            {
              "type": "minecraft:dye",
              "default": -6265536
            }
          ]
        },
        "when": "minecraft:emerald"
      },
      {
        "model": {
          "type": "minecraft:model",
          "model": "minecraft:item/leather_leggings_diamond_trim",
          "tints": [
            {
              "type": "minecraft:dye",
              "default": -6265536
            }
          ]
        },
        "when": "minecraft:diamond"
      },
      {
        "model": {
          "type": "minecraft:model",
          "model": "minecraft:item/leather_leggings_lapis_trim",
          "tints": [
            {
              "type": "minecraft:dye",
              "default": -6265536
            }
          ]
        },
        "when": "minecraft:lapis"
      },
      {
        "model": {
          "type": "minecraft:model",
          "model": "minecraft:item/leather_leggings_amethyst_trim",
          "tints": [
            {
              "type": "minecraft:dye",
              "default": -6265536
            }
          ]
        },
        "when": "minecraft:amethyst"
      },
      {
        "model": {
          "type": "minecraft:model",
          "model": "minecraft:item/leather_leggings_resin_trim",
          "tints": [
            {
              "type": "minecraft:dye",
              "default": -6265536
            }
          ]
        },
        "when": "minecraft:resin"
      }
    ],
    "fallback": {
      "type": "minecraft:model",
      "model": "minecraft:item/leather_leggings",
      "tints": [
        {
          "type": "minecraft:dye",
          "default": -6265536
        }
      ]
    },
    "property": "minecraft:trim_material"
  }
    }
  },
  "hand_animation_on_swap": false
}
